Variable,Mean_Control,Mean_Treated,Difference,P_value
x1,-0.006439809096315389,0.013321139585518628,0.019760948681834017,0.758521888217042
x2,4.867388776161322,4.993293914795156,0.12590513863383368,0.31160455951133065
x3,4.984223369443004,4.937319077435928,-0.04690429200707591,0.7958329208279519
x4,0.500139564547979,0.5084033602185952,0.008263795670616192,0.6554177188204002
