Beta1,Beta2,Beta3,Beta4
0.44138859671416564,-0.29819677386989557,0.1926399610722267,0.0
