Modelo,R²
Basic_OLS,0.48596087340293526
Flexible_OLS,-12.316659865854264
Lasso,0.5576930233426556
